physical health not good for >=14 days,mental health not good for >=14 days,no leisure-time physical activity,binge drinking,sleeping less than 7 hours,current smoking,current lack of health insurance,visits to dentist or dental clinic,visits to doctor for routine checkup,unserved medicaid enrollees / km2
0.172175392,0.202563458,0.195023223,0.578926022,0.254194234,0.190094986,0.115390974,0.730251072,0.515289059,0.0476632056
0.24023542,0.28706891,0.332894342,0.430991112,0.708170493,0.270725782,0.15446234,0.584269663,0.776916903,0.0615815607
0.573639456,0.560308285,0.676582591,0.367039801,0.629664855,0.575337838,0.562040558,0.259663537,0.49514652,0.254005292
0.306538942,0.341659785,0.434415309,0.514696924,0.424245785,0.331770546,0.364766819,0.466094184,0.408051133,0.14429812
